city,k,n_assets,share_near_zero,share_borderline,share_near_one,p50,p90,p95
DON,39,7755,0.9936814958091554,0.0011605415860735009,0.0036105738233397806,0.0,0.0,0.0
DON,78,7755,0.9881366860090265,0.0016763378465506126,0.008252740167633785,0.0,0.0,0.0
DON,194,7755,0.9718891038039974,0.0019342359767891683,0.02192134107027724,0.0,0.0,0.0
DON,1000,7755,0.8600902643455834,0.007736943907156673,0.11850419084461637,0.0,1.0,1.0
DON,2500,7755,0.6671824629271438,0.007221147646679561,0.3116698903932946,0.0,1.0,1.0
DON,5000,7755,0.3436492585428756,0.007221147646679561,0.6332688588007737,1.0,1.0,1.0
HAM,1000,341530,0.9970105115216819,2.6352004216320673e-05,0.0028694404591104736,0.0,0.0,0.0
HAM,1708,341530,0.9948437911750065,9.36960149913624e-05,0.004845840775334524,0.0,0.0,0.0
HAM,2500,341530,0.9925131028020965,9.955201592832254e-05,0.007153105144496823,0.0,0.0,0.0
HAM,3415,341530,0.9897724943635992,0.0001639680262348842,0.00977073756331801,0.0,0.0,0.0
HAM,5000,341530,0.9851316136210582,0.0001756800281088045,0.014414546306327408,0.0,0.0,0.0
HAM,8538,341530,0.9745878839340615,0.0002928000468480075,0.02458641993382719,0.0,0.0,0.0
RTM,1000,221324,0.9954049267137771,3.6146102546492927e-05,0.004441452350400318,0.0,0.0,0.0
RTM,1107,221324,0.9949079178037629,5.4219153819739386e-05,0.004911351683504726,0.0,0.0,0.0
RTM,2213,221324,0.9897842077677974,0.00013554788454934848,0.009777520738826337,0.0,0.0,0.0
RTM,2500,221324,0.9884965028645786,0.0001716939870958414,0.011087816956136705,0.0,0.0,0.0
RTM,5000,221324,0.9767535377997867,0.0004653810702860964,0.021936165982902895,0.0,0.0,0.0
RTM,5533,221324,0.9743633767689,0.0004427897561945383,0.02436247311633623,0.0,0.0,0.0
